{
    "name": "root",
    "metadata": {
        "timer_format_version": "0.1.0",
        "start_time_seconds": "1763756634",
        "python_version": "3.10.11 (tags/v3.10.11:7d4cc5a, Apr  5 2023, 00:38:17) [MSC v.1929 64 bit (AMD64)]",
        "command_line_arguments": "E:\\LEO_X9\\Projekte\\Unity\\Car_AI_Trainer\\venv\\Scripts\\mlagents-learn config\\Default_M.yaml --run-id=Test01 --force",
        "mlagents_version": "1.1.0",
        "mlagents_envs_version": "1.1.0",
        "communication_protocol_version": "1.5.0",
        "pytorch_version": "2.5.1+cu121",
        "numpy_version": "1.23.5",
        "end_time_seconds": "1763756694"
    },
    "total": 60.146095699998114,
    "count": 1,
    "self": 0.005641199993988266,
    "children": {
        "run_training.setup": {
            "total": 0.07921420000275248,
            "count": 1,
            "self": 0.07921420000275248
        },
        "TrainerController.start_learning": {
            "total": 60.06124030000137,
            "count": 1,
            "self": 0.01799840003513964,
            "children": {
                "TrainerController._reset_env": {
                    "total": 6.990649499999563,
                    "count": 1,
                    "self": 6.990649499999563
                },
                "TrainerController.advance": {
                    "total": 52.73282749996724,
                    "count": 961,
                    "self": 0.016904899923247285,
                    "children": {
                        "env_step": {
                            "total": 51.85892490002152,
                            "count": 961,
                            "self": 41.97691980005038,
                            "children": {
                                "SubprocessEnvManager._take_step": {
                                    "total": 9.870408999973733,
                                    "count": 961,
                                    "self": 0.06476129996735835,
                                    "children": {
                                        "TorchPolicy.evaluate": {
                                            "total": 9.805647700006375,
                                            "count": 961,
                                            "self": 9.805647700006375
                                        }
                                    }
                                },
                                "workers": {
                                    "total": 0.011596099997404963,
                                    "count": 960,
                                    "self": 0.0,
                                    "children": {
                                        "worker_root": {
                                            "total": 39.93032070010304,
                                            "count": 960,
                                            "is_parallel": true,
                                            "self": 13.433654100110289,
                                            "children": {
                                                "steps_from_proto": {
                                                    "total": 0.0040455999987898394,
                                                    "count": 1,
                                                    "is_parallel": true,
                                                    "self": 0.0033719000057317317,
                                                    "children": {
                                                        "_process_rank_one_or_two_observation": {
                                                            "total": 0.0006736999930581078,
                                                            "count": 8,
                                                            "is_parallel": true,
                                                            "self": 0.0006736999930581078
                                                        }
                                                    }
                                                },
                                                "UnityEnvironment.step": {
                                                    "total": 26.49262099999396,
                                                    "count": 960,
                                                    "is_parallel": true,
                                                    "self": 0.20328479997988325,
                                                    "children": {
                                                        "UnityEnvironment._generate_step_input": {
                                                            "total": 0.15545209996344056,
                                                            "count": 960,
                                                            "is_parallel": true,
                                                            "self": 0.15545209996344056
                                                        },
                                                        "communicator.exchange": {
                                                            "total": 25.46980490000351,
                                                            "count": 960,
                                                            "is_parallel": true,
                                                            "self": 25.46980490000351
                                                        },
                                                        "steps_from_proto": {
                                                            "total": 0.6640792000471265,
                                                            "count": 960,
                                                            "is_parallel": true,
                                                            "self": 0.17440740022721002,
                                                            "children": {
                                                                "_process_rank_one_or_two_observation": {
                                                                    "total": 0.4896717998199165,
                                                                    "count": 7680,
                                                                    "is_parallel": true,
                                                                    "self": 0.4896717998199165
                                                                }
                                                            }
                                                        }
                                                    }
                                                }
                                            }
                                        }
                                    }
                                }
                            }
                        },
                        "trainer_advance": {
                            "total": 0.8569977000224753,
                            "count": 960,
                            "self": 0.02152759997625253,
                            "children": {
                                "process_trajectory": {
                                    "total": 0.8354701000462228,
                                    "count": 960,
                                    "self": 0.8354701000462228
                                }
                            }
                        }
                    }
                },
                "trainer_threads": {
                    "total": 1.0000003385357559e-06,
                    "count": 1,
                    "self": 1.0000003385357559e-06
                },
                "TrainerController._save_models": {
                    "total": 0.3197638999990886,
                    "count": 1,
                    "self": 0.024736399998801062,