{
    "name": "root",
    "gauges": {
        "ForkLiftAgent.Policy.Entropy.mean": {
            "value": 1.6958086490631104,
            "min": 1.4189382791519165,
            "max": 1.6958086490631104,
            "count": 67
        },
        "ForkLiftAgent.Policy.Entropy.sum": {
            "value": 15262.27734375,
            "min": 12770.4443359375,
            "max": 30524.5546875,
            "count": 67
        },
        "ForkLiftAgent.WinDeathRatio.EpisodesCount.mean": {
            "value": 1.0,
            "min": 1.0,
            "max": 1.0,
            "count": 67
        },
        "ForkLiftAgent.WinDeathRatio.EpisodesCount.sum": {
            "value": 18.0,
            "min": 18.0,
            "max": 54.0,
            "count": 67
        },
        "ForkLiftAgent.Environment.EpisodeLength.mean": {
            "value": 499.0,
            "min": 499.0,
            "max": 499.0,
            "count": 67
        },
        "ForkLiftAgent.Environment.EpisodeLength.sum": {
            "value": 8982.0,
            "min": 8982.0,
            "max": 17964.0,
            "count": 67
        },
        "ForkLiftAgent.WinDeathRatio.DiedCount.mean": {
            "value": 1.0,
            "min": 1.0,
            "max": 1.0,
            "count": 67
        },
        "ForkLiftAgent.WinDeathRatio.DiedCount.sum": {
            "value": 18.0,
            "min": 18.0,
            "max": 36.0,
            "count": 67
        },
        "ForkLiftAgent.Step.mean": {
            "value": 669500.0,
            "min": 9500.0,
            "max": 669500.0,
            "count": 67
        },
        "ForkLiftAgent.Step.sum": {
            "value": 669500.0,
            "min": 9500.0,
            "max": 669500.0,
            "count": 67
        },
        "ForkLiftAgent.Policy.ExtrinsicValueEstimate.mean": {
            "value": -3.5996577739715576,
            "min": -3.605259656906128,
            "max": 0.039609991014003754,
            "count": 67
        },
        "ForkLiftAgent.Policy.ExtrinsicValueEstimate.sum": {
            "value": -71.99315643310547,
            "min": -72.10519409179688,
            "max": 0.7921997904777527,
            "count": 67
        },
        "ForkLiftAgent.Policy.GailValueEstimate.mean": {
            "value": 16.86703109741211,
            "min": 0.19548095762729645,
            "max": 17.505868911743164,
            "count": 67
        },
        "ForkLiftAgent.Policy.GailValueEstimate.sum": {
            "value": 337.34063720703125,
            "min": 3.909619092941284,
            "max": 350.11737060546875,
            "count": 67
        },
        "ForkLiftAgent.Environment.CumulativeReward.mean": {
            "value": -22.91805143356323,
            "min": -22.919637870788574,
            "max": -22.817629528045654,
            "count": 67
        },
        "ForkLiftAgent.Environment.CumulativeReward.sum": {
            "value": -458.36102867126465,
            "min": -458.3927574157715,
            "max": -433.5756587982178,
            "count": 67
        },
        "ForkLiftAgent.Policy.ExtrinsicReward.mean": {
            "value": -22.91805143356323,
            "min": -22.919637870788574,
            "max": -22.817629528045654,
            "count": 67
        },
        "ForkLiftAgent.Policy.ExtrinsicReward.sum": {
            "value": -458.36102867126465,
            "min": -458.3927574157715,
            "max": -433.5756587982178,
            "count": 67
        },
        "ForkLiftAgent.Policy.GailReward.mean": {
            "value": 103.83413453102112,
            "min": 86.84619188308716,
            "max": 302.1291870117187,
            "count": 67
        },
        "ForkLiftAgent.Policy.GailReward.sum": {
            "value": 2076.6826906204224,
            "min": 1736.9238376617432,
            "max": 6042.583740234375,
            "count": 67
        },
        "ForkLiftAgent.IsTraining.mean": {
            "value": 1.0,
            "min": 1.0,
            "max": 1.0,
            "count": 67
        },
        "ForkLiftAgent.IsTraining.sum": {
            "value": 1.0,
            "min": 1.0,
            "max": 1.0,
            "count": 67
        },
        "ForkLiftAgent.Losses.PolicyLoss.mean": {
            "value": 0.09621971661478958,
            "min": 0.08788027833956717,
            "max": 0.11528239650810561,
            "count": 14
        },
        "ForkLiftAgent.Losses.PolicyLoss.sum": {
            "value": 0.09621971661478958,
            "min": 0.08788027833956717,
            "max": 0.11528239650810561,
            "count": 14
        },
        "ForkLiftAgent.Losses.ValueLoss.mean": {
            "value": 5.838549920103767,
            "min": 4.775695525787094,
            "max": 7.022152968428352,
            "count": 14
        },
        "ForkLiftAgent.Losses.ValueLoss.sum": {
            "value": 5.838549920103767,
            "min": 4.775695525787094,
            "max": 7.022152968428352,
            "count": 14
        },
        "ForkLiftAgent.Policy.LearningRate.mean": {
            "value": 0.000185000063,
            "min": 0.000185000063,
            "max": 0.0004775000044999999,
            "count": 14
        },
        "ForkLiftAgent.Policy.LearningRate.sum": {
            "value": 0.000185000063,
            "min": 0.000185000063,
            "max": 0.0004775000044999999,
            "count": 14
        },
        "ForkLiftAgent.Policy.Epsilon.mean": {
            "value": 0.137,
            "min": 0.137,
            "max": 0.1955,
            "count": 14
        },
        "ForkLiftAgent.Policy.Epsilon.sum": {
            "value": 0.137,
            "min": 0.137,
            "max": 0.1955,
            "count": 14
        },
        "ForkLiftAgent.Policy.Beta.mean": {
            "value": 0.029606299999999995,
            "min": 0.029606299999999995,
            "max": 0.07640044999999998,
            "count": 14
        },
        "ForkLiftAgent.Policy.Beta.sum": {
            "value": 0.029606299999999995,
            "min": 0.029606299999999995,
            "max": 0.07640044999999998,
            "count": 14
        },
        "ForkLiftAgent.Policy.GAILPolicyEstimate.mean": {
            "value": 0.19020892307162285,
            "min": 0.19020892307162285,
            "max": 0.33537623370912945,
            "count": 14
        },
        "ForkLiftAgent.Policy.GAILPolicyEstimate.sum": {
            "value": 0.19020892307162285,
            "min": 0.19020892307162285,
            "max": 0.33537623370912945,
            "count": 14
        },
        "ForkLiftAgent.Policy.GAILExpertEstimate.mean": {
            "value": 0.8274703276428309,
            "min": 0.6248797462745146,
            "max": 0.8319571729410778,
            "count": 14
        },
        "ForkLiftAgent.Policy.GAILExpertEstimate.sum": {
            "value": 0.8274703276428309,
            "min": 0.6248797462745146,
            "max": 0.8319571729410778,
            "count": 14
        },
        "ForkLiftAgent.Losses.GAILLoss.mean": {
            "value": 0.4647072756832296,
            "min": 0.46251715008508076,
            "max": 0.9520054005763747,
            "count": 14
        },
        "ForkLiftAgent.Losses.GAILLoss.sum": {
            "value": 0.4647072756832296,
            "min": 0.46251715008508076,
            "max": 0.9520054005763747,
            "count": 14
        },
        "ForkLiftAgent.Policy.GAILGradMagLoss.mean": {
            "value": 0.11739991867745464,
            "min": 0.11655964990231124,
            "max": 4.332747163759037,
            "count": 14
        },
        "ForkLiftAgent.Policy.GAILGradMagLoss.sum": {
            "value": 0.11739991867745464,
            "min": 0.11655964990231124,
            "max": 4.332747163759037,
            "count": 14
        },
        "ForkLiftAgent.Losses.PretrainingLoss.mean": {
            "value": 1.8587667147318523,
            "min": 1.255906105041504,
            "max": 1.8587667147318523,