{"count":1,"self":570.7898368,"total":664.1814633,"children":{"InitializeActuators":{"count":24,"self":0.0020418,"total":0.0020418,"children":null},"InitializeSensors":{"count":24,"self":0.0030345,"total":0.0030345,"children":null},"AgentSendState":{"count":20684,"self":4.9174999999999995,"total":8.6788504,"children":{"CollectObservations":{"count":99288,"self":0.1133564,"total":0.1133564,"children":null},"WriteActionMask":{"count":99288,"self":0.040447699999999996,"total":0.040447699999999996,"children":null},"RequestDecision":{"count":99288,"self":0.2066739,"total":3.6075464999999998,"children":{"AgentInfo.ToProto":{"count":99288,"self":0.1506023,"total":3.4008726,"children":{"GenerateSensorData":{"count":99288,"self":2.7263471999999997,"total":3.2502703,"children":{"RayPerceptionSensor.Perceive":{"count":297864,"self":0.52392319999999992,"total":0.52392319999999992,"children":null}}}}}}}}},"DecideAction":{"count":20684,"self":84.23502719999999,"total":84.2350283,"children":null},"AgentAct":{"count":20684,"self":0.46611359999999996,"total":0.47116379999999997,"children":{"AgentInfo.ToProto":{"count":192,"self":0,"total":0.0050501999999999995,"children":{"GenerateSensorData":{"count":192,"self":0.0035077999999999997,"total":0.0050501999999999995,"children":{"RayPerceptionSensor.Perceive":{"count":576,"self":0.0015424,"total":0.0015424,"children":null}}}}}}}},"gauges":{"ForkLiftAgent.CumulativeReward":{"count":192,"max":-22.7908649,"min":-22.86127,"runningAverage":-22.8257389,"value":-22.8459435,"weightedAverage":-22.8389111}},"metadata":{"timer_format_version":"0.1.0","start_time_seconds":"1763739076","unity_version":"6000.2.7f2","command_line_arguments":"C:\\ProgramData\\Unity\\6000.2.7f2\\Editor\\Unity.exe -projectpath E:\\LEO_X9\\Projekte\\Unity\\Car_AI_Trainer -acceptSoftwareTermsForThisRunOnly -useHub -hubIPC -cloudEnvironment production -licensingIpc LicenseClient-leoni -hubSessionId 3f41bf41-8445-4261-b7aa-9e1d91869acc -accessToken pfPZ5aYQXzYr1SZK_nMntRT3VlDVdp8JFDxDSb2zdJc008f","communication_protocol_version":"1.5.0","com.unity.ml-agents_version":"2.0.2","scene_name":"S_Testing","end_time_seconds":"1763739740"}}