{"count":1,"self":24.5337936,"total":41.7020627,"children":{"InitializeActuators":{"count":6,"self":0.00059459999999999992,"total":0.00059459999999999992,"children":null},"InitializeSensors":{"count":6,"self":0.0015095999999999998,"total":0.0015095999999999998,"children":null},"AgentSendState":{"count":4805,"self":0.3262201,"total":0.6079234,"children":{"CollectObservations":{"count":5766,"self":0.031215299999999998,"total":0.031215299999999998,"children":null},"WriteActionMask":{"count":5766,"self":0.0045975,"total":0.0045975,"children":null},"RequestDecision":{"count":5766,"self":0.0213851,"total":0.24589049999999998,"children":{"AgentInfo.ToProto":{"count":5766,"self":0.0055813999999999994,"total":0.2245054,"children":{"GenerateSensorData":{"count":5766,"self":0.19068069999999998,"total":0.21892399999999998,"children":{"RayPerceptionSensor.Perceive":{"count":17298,"self":0.0282433,"total":0.0282433,"children":null}}}}}}}}},"DecideAction":{"count":4805,"self":16.419,"total":16.419,"children":null},"AgentAct":{"count":4805,"self":0.1372245,"total":0.1382361,"children":{"AgentInfo.ToProto":{"count":24,"self":0,"total":0.0010115999999999999,"children":{"GenerateSensorData":{"count":24,"self":0.00050999999999999993,"total":0.0010115999999999999,"children":{"RayPerceptionSensor.Perceive":{"count":72,"self":0.00050159999999999994,"total":0.00050159999999999994,"children":null}}}}}}}},"gauges":{"ForkLiftAgent.CumulativeReward":{"count":24,"max":-25.9022789,"min":-28.460701,"runningAverage":-27.6059761,"value":-27.1385956,"weightedAverage":-27.5274353}},"metadata":{"timer_format_version":"0.1.0","start_time_seconds":"1763756638","unity_version":"6000.2.7f2","command_line_arguments":"C:\\ProgramData\\Unity\\6000.2.7f2\\Editor\\Unity.exe -projectpath E:\\LEO_X9\\Projekte\\Unity\\Car_AI_Trainer -acceptSoftwareTermsForThisRunOnly -useHub -hubIPC -cloudEnvironment production -licensingIpc LicenseClient-leoni -hubSessionId 3f41bf41-8445-4261-b7aa-9e1d91869acc -accessToken DZXvSW_ssfeQZ2aY4b6Qlf_EHLyWjajGDfV8AHYprjE008f","communication_protocol_version":"1.5.0","com.unity.ml-agents_version":"2.0.2","scene_name":"S_Training01","end_time_seconds":"1763756680"}}